Year,Quarter,Month,Day,Value,Element,Field,Average of High,Average of Low
2024,Qtr 1,March,20,0,Se,BI,2,1
2024,Qtr 1,March,20,0,Se,DAF,2,1
2024,Qtr 1,March,20,0.08,Se,GL RANCH,2,1
2024,Qtr 1,March,20,0.13,Se,TERK,2,1
2024,Qtr 1,March,20,0.18,Mo,GOODMAN,5.25,1.25
2024,Qtr 1,March,20,0.19,Mo,DAF,5.25,1.25
2024,Qtr 1,March,20,0.19,Mo,GL RANCH,5.25,1.25
2024,Qtr 1,March,20,0.21,Mo,GOLF P,5.25,1.25
2024,Qtr 1,March,20,0.21,Mo,JK,5.25,1.25
2024,Qtr 1,March,20,0.21,Mo,MAZZ-HOME,5.25,1.25
2024,Qtr 1,March,20,0.22,Mo,BALBOA,5.25,1.25
2024,Qtr 1,March,20,0.22,Mo,GOLF,5.25,1.25
2024,Qtr 1,March,20,0.22,Mo,TERK,5.25,1.25
2024,Qtr 1,March,20,0.24,Mo,BALBOA,5.25,1.25
2024,Qtr 1,March,20,0.24,Mo,BRU-1A,5.25,1.25
2024,Qtr 1,March,20,0.24,Mo,C&H3,5.25,1.25
2024,Qtr 1,March,20,0.24,Mo,DAF,5.25,1.25
2024,Qtr 1,March,20,0.24,Mo,DAF 2,5.25,1.25
2024,Qtr 1,March,20,0.25,Mo,BYRD,5.25,1.25
2024,Qtr 1,March,20,0.25,Mo,GL ORGANIC,5.25,1.25
2024,Qtr 1,March,20,0.25,Mo,SP 50,5.25,1.25
2024,Qtr 1,March,20,0.25,Mo,TERK,5.25,1.25
2024,Qtr 1,March,20,0.25,Se,BALBOA,2,1
2024,Qtr 1,March,20,0.26,Mo,BRS-250,5.25,1.25
2024,Qtr 1,March,20,0.26,Mo,DAF,5.25,1.25
2024,Qtr 1,March,20,0.26,Mo,GL RANCH,5.25,1.25
2024,Qtr 1,March,20,0.26,Mo,JK,5.25,1.25
2024,Qtr 1,March,20,0.26,Se,MAZZ-HOME,2,1
2024,Qtr 1,March,20,0.27,Mo,BI,5.25,1.25
2024,Qtr 1,March,20,0.27,Mo,C&H2,5.25,1.25
2024,Qtr 1,March,20,0.27,Mo,DAF,5.25,1.25
2024,Qtr 1,March,20,0.27,Mo,GJ,5.25,1.25
2024,Qtr 1,March,20,0.29,Mo,505 SOUTH,5.25,1.25
2024,Qtr 1,March,20,0.29,Mo,KF,5.25,1.25
2024,Qtr 1,March,20,0.29,Mo,REYES,5.25,1.25
2024,Qtr 1,March,20,0.32,Mo,505 NORTH,5.25,1.25
2024,Qtr 1,March,20,0.32,Mo,BI,5.25,1.25
2024,Qtr 1,March,20,0.32,Mo,TOP,5.25,1.25
2024,Qtr 1,March,20,0.33,Mo,RCH,5.25,1.25
2024,Qtr 1,March,20,0.34,Se,505 SOUTH,2,1
2024,Qtr 1,March,20,0.35,Mo,WFP,5.25,1.25
2024,Qtr 1,March,20,0.35,Se,DAF,2,1
2024,Qtr 1,March,20,0.42,Se,JK,2,1
2024,Qtr 1,March,20,0.43,Se,BALBOA,2,1
2024,Qtr 1,March,20,0.44,Se,SP 50,2,1
2024,Qtr 1,March,20,0.46,Se,GOLF,2,1
2024,Qtr 1,March,20,0.47,Se,GL ORGANIC,2,1
2024,Qtr 1,March,20,0.5,Se,DAF,2,1
2024,Qtr 1,March,20,0.56,Se,C&H3,2,1
2024,Qtr 1,March,20,0.56,Se,KF,2,1
2024,Qtr 1,March,20,0.62,Se,RCH,2,1
2024,Qtr 1,March,20,0.64,Se,C&H2,2,1
2024,Qtr 1,March,20,0.64,Se,GJ,2,1
2024,Qtr 1,March,20,0.66,Se,DAF,2,1
2024,Qtr 1,March,20,0.66,Se,JK,2,1
2024,Qtr 1,March,20,0.66,Se,WFP,2,1
2024,Qtr 1,March,20,0.71,Co,GJ,3.25,1.25
2024,Qtr 1,March,20,0.73,Se,505 NORTH,2,1
2024,Qtr 1,March,20,0.78,P,JK,800,400
2024,Qtr 1,March,20,0.79,Co,C&H3,3.25,1.25
2024,Qtr 1,March,20,0.79,Zn,TOP,20,10
2024,Qtr 1,March,20,0.82,Se,GOLF P,2,1
2024,Qtr 1,March,20,0.84,Co,GOLF,3.25,1.25
2024,Qtr 1,March,20,0.84,Co,WFP,3.25,1.25
2024,Qtr 1,March,20,0.87,Se,BI,2,1
2024,Qtr 1,March,20,0.9,Cu,GOLF,4,2
2024,Qtr 1,March,20,0.9,Se,BRU-1A,2,1
2024,Qtr 1,March,20,0.91,Se,GL RANCH,2,1
2024,Qtr 1,March,20,0.94,Se,GOODMAN,2,1
2024,Qtr 1,March,20,0.94,Se,TERK,2,1
2024,Qtr 1,March,20,1,Se,TOP,2,1
2024,Qtr 1,March,20,1.02,Co,505 SOUTH,3.25,1.25
2024,Qtr 1,March,20,1.02,Co,DAF,3.25,1.25
2024,Qtr 1,March,20,1.02,Cu,C&H3,4,2
2024,Qtr 1,March,20,1.03,Co,DAF,3.25,1.25
2024,Qtr 1,March,20,1.03,Co,MAZZ-HOME,3.25,1.25
2024,Qtr 1,March,20,1.03,Se,REYES,2,1
2024,Qtr 1,March,20,1.04,P,TOP,800,400
2024,Qtr 1,March,20,1.05,Co,TERK,3.25,1.25
2024,Qtr 1,March,20,1.07,Se,DAF 2,2,1
2024,Qtr 1,March,20,1.08,Co,DAF 2,3.25,1.25
2024,Qtr 1,March,20,1.1,Co,GL RANCH,3.25,1.25
2024,Qtr 1,March,20,1.11,Co,C&H2,3.25,1.25
2024,Qtr 1,March,20,1.11,Co,DAF,3.25,1.25
2024,Qtr 1,March,20,1.13,Cu,BI,4,2
2024,Qtr 1,March,20,1.15,Co,DAF,3.25,1.25
2024,Qtr 1,March,20,1.17,Zn,C&H3,20,10
2024,Qtr 1,March,20,1.18,Co,BYRD,3.25,1.25
2024,Qtr 1,March,20,1.19,Co,BI,3.25,1.25
2024,Qtr 1,March,20,1.2,I,DAF 2,6.5,2.5
2024,Qtr 1,March,20,1.21,Co,GL ORGANIC,3.25,1.25
2024,Qtr 1,March,20,1.24,Co,BALBOA,3.25,1.25
2024,Qtr 1,March,20,1.24,Co,BRS-250,3.25,1.25
2024,Qtr 1,March,20,1.27,Co,RCH,3.25,1.25
2024,Qtr 1,March,20,1.28,Co,TOP,3.25,1.25
2024,Qtr 1,March,20,1.28,Se,BRS-250,2,1
2024,Qtr 1,March,20,1.29,Co,BALBOA,3.25,1.25
2024,Qtr 1,March,20,1.31,Co,505 NORTH,3.25,1.25
2024,Qtr 1,March,20,1.31,Co,GOODMAN,3.25,1.25
2024,Qtr 1,March,20,1.31,Cu,DAF,4,2
2024,Qtr 1,March,20,1.33,Co,JK,3.25,1.25
2024,Qtr 1,March,20,1.33,Co,SP 50,3.25,1.25
2024,Qtr 1,March,20,1.35,Se,BYRD,2,1
2024,Qtr 1,March,20,1.37,Co,BI,3.25,1.25
2024,Qtr 1,March,20,1.41,Co,REYES,3.25,1.25
2024,Qtr 1,March,20,1.45,Co,KF,3.25,1.25
2024,Qtr 1,March,20,1.46,P,C&H3,800,400
2024,Qtr 1,March,20,1.47,Cu,RCH,4,2
2024,Qtr 1,March,20,1.53,I,WFP,6.5,2.5
2024,Qtr 1,March,20,1.55,Cu,BRS-250,4,2
2024,Qtr 1,March,20,1.55,P,DAF,800,400
2024,Qtr 1,March,20,1.56,Co,GOLF P,3.25,1.25
2024,Qtr 1,March,20,1.56,Zn,505 SOUTH,20,10
2024,Qtr 1,March,20,1.58,Cu,505 SOUTH,4,2
2024,Qtr 1,March,20,1.58,Cu,DAF,4,2
2024,Qtr 1,March,20,1.63,Co,BRU-1A,3.25,1.25
2024,Qtr 1,March,20,1.63,I,GJ,6.5,2.5
2024,Qtr 1,March,20,1.64,Cu,GL ORGANIC,4,2
2024,Qtr 1,March,20,1.65,Cu,MAZZ-HOME,4,2
2024,Qtr 1,March,20,1.66,I,C&H2,6.5,2.5
2024,Qtr 1,March,20,1.68,Zn,505 NORTH,20,10
2024,Qtr 1,March,20,1.7,Cu,TERK,4,2
2024,Qtr 1,March,20,1.72,P,JK,800,400
2024,Qtr 1,March,20,1.79,I,GL RANCH,6.5,2.5
2024,Qtr 1,March,20,1.8,Co,TERK,3.25,1.25
2024,Qtr 1,March,20,1.87,Cu,GL RANCH,4,2
2024,Qtr 1,March,20,1.88,Zn,JK,20,10
2024,Qtr 1,March,20,1.93,Cu,TOP,4,2
2024,Qtr 1,March,20,1.95,B,MAZZ-HOME,12,6
2024,Qtr 1,March,20,1.97,Cu,BALBOA,4,2
2024,Qtr 1,March,20,1.99,Cu,505 NORTH,4,2
2024,Qtr 1,March,20,1.99,Cu,GOODMAN,4,2
2024,Qtr 1,March,20,1.99,Zn,DAF,20,10
2024,Qtr 1,March,20,1.99,Zn,JK,20,10
2024,Qtr 1,March,20,2.02,Cu,DAF,4,2
2024,Qtr 1,March,20,2.02,Cu,GOLF P,4,2
2024,Qtr 1,March,20,2.12,Cu,JK,4,2
2024,Qtr 1,March,20,2.13,Cu,BALBOA,4,2
2024,Qtr 1,March,20,2.25,Co,GL RANCH,3.25,1.25
2024,Qtr 1,March,20,2.27,Cu,REYES,4,2
2024,Qtr 1,March,20,2.29,B,GOLF,12,6
2024,Qtr 1,March,20,2.3,I,GOODMAN,6.5,2.5
2024,Qtr 1,March,20,2.31,Zn,RCH,20,10
2024,Qtr 1,March,20,2.32,Zn,BALBOA,20,10
2024,Qtr 1,March,20,2.33,Zn,GOODMAN,20,10
2024,Qtr 1,March,20,2.36,Cu,DAF,4,2
2024,Qtr 1,March,20,2.41,B,TERK,12,6
2024,Qtr 1,March,20,2.46,Zn,DAF,20,10
2024,Qtr 1,March,20,2.48,B,C&H3,12,6
2024,Qtr 1,March,20,2.48,P,DAF 2,800,400
2024,Qtr 1,March,20,2.49,I,GOLF,6.5,2.5
2024,Qtr 1,March,20,2.5,Zn,BRS-250,20,10
2024,Qtr 1,March,20,2.51,B,DAF 2,12,6
2024,Qtr 1,March,20,2.54,B,JK,12,6
2024,Qtr 1,March,20,2.55,Zn,REYES,20,10
2024,Qtr 1,March,20,2.58,Zn,C&H2,20,10
2024,Qtr 1,March,20,2.61,Cu,KF,4,2
2024,Qtr 1,March,20,2.61,I,DAF,6.5,2.5
2024,Qtr 1,March,20,2.64,I,GL RANCH,6.5,2.5
2024,Qtr 1,March,20,2.66,Cu,JK,4,2
2024,Qtr 1,March,20,2.66,Zn,BALBOA,20,10
2024,Qtr 1,March,20,2.68,B,505 SOUTH,12,6
2024,Qtr 1,March,20,2.69,B,BALBOA,12,6
2024,Qtr 1,March,20,2.69,I,BRS-250,6.5,2.5
2024,Qtr 1,March,20,2.7,Cu,BYRD,4,2
2024,Qtr 1,March,20,2.73,B,GOLF P,12,6
2024,Qtr 1,March,20,2.75,I,TERK,6.5,2.5
2024,Qtr 1,March,20,2.76,B,BRS-250,12,6
2024,Qtr 1,March,20,2.78,B,DAF,12,6
2024,Qtr 1,March,20,2.78,B,JK,12,6
2024,Qtr 1,March,20,2.84,B,GOODMAN,12,6
2024,Qtr 1,March,20,2.86,B,TERK,12,6
2024,Qtr 1,March,20,2.86,I,SP 50,6.5,2.5
2024,Qtr 1,March,20,2.92,I,DAF,6.5,2.5
2024,Qtr 1,March,20,2.94,Zn,GL ORGANIC,20,10
2024,Qtr 1,March,20,2.94,Zn,GOLF,20,10
2024,Qtr 1,March,20,2.95,I,BI,6.5,2.5
2024,Qtr 1,March,20,2.97,Zn,DAF,20,10
2024,Qtr 1,March,20,2.97,Zn,GL RANCH,20,10
2024,Qtr 1,March,20,3.04,B,DAF,12,6
2024,Qtr 1,March,20,3.05,B,BALBOA,12,6
2024,Qtr 1,March,20,3.07,P,GOLF,800,400
2024,Qtr 1,March,20,3.1,B,BRU-1A,12,6
2024,Qtr 1,March,20,3.11,B,C&H2,12,6
2024,Qtr 1,March,20,3.15,I,BALBOA,6.5,2.5
2024,Qtr 1,March,20,3.16,B,BI,12,6
2024,Qtr 1,March,20,3.18,B,REYES,12,6
2024,Qtr 1,March,20,3.19,Zn,BYRD,20,10
2024,Qtr 1,March,20,3.21,I,C&H3,6.5,2.5
2024,Qtr 1,March,20,3.22,B,GL ORGANIC,12,6
2024,Qtr 1,March,20,3.24,B,BYRD,12,6
2024,Qtr 1,March,20,3.24,B,WFP,12,6
2024,Qtr 1,March,20,3.27,B,SP 50,12,6
2024,Qtr 1,March,20,3.27,Zn,KF,20,10
2024,Qtr 1,March,20,3.3,B,KF,12,6
2024,Qtr 1,March,20,3.3,I,BRU-1A,6.5,2.5
2024,Qtr 1,March,20,3.34,I,505 SOUTH,6.5,2.5
2024,Qtr 1,March,20,3.38,B,GJ,12,6
2024,Qtr 1,March,20,3.41,B,GL RANCH,12,6
2024,Qtr 1,March,20,3.43,B,RCH,12,6
2024,Qtr 1,March,20,3.43,I,GOLF P,6.5,2.5
2024,Qtr 1,March,20,3.45,B,505 NORTH,12,6
2024,Qtr 1,March,20,3.45,B,DAF,12,6
2024,Qtr 1,March,20,3.47,B,TOP,12,6
2024,Qtr 1,March,20,3.56,B,BI,12,6
2024,Qtr 1,March,20,3.61,P,DAF,800,400
2024,Qtr 1,March,20,3.63,I,DAF,6.5,2.5
2024,Qtr 1,March,20,3.64,B,DAF,12,6
2024,Qtr 1,March,20,3.64,I,BYRD,6.5,2.5
2024,Qtr 1,March,20,3.65,Zn,BRU-1A,20,10
2024,Qtr 1,March,20,3.68,I,505 NORTH,6.5,2.5
2024,Qtr 1,March,20,3.68,I,DAF,6.5,2.5
2024,Qtr 1,March,20,3.71,Cu,GJ,4,2
2024,Qtr 1,March,20,3.85,B,GL RANCH,12,6
2024,Qtr 1,March,20,3.92,I,JK,6.5,2.5
2024,Qtr 1,March,20,4.04,I,RCH,6.5,2.5
2024,Qtr 1,March,20,4.05,I,TOP,6.5,2.5
2024,Qtr 1,March,20,4.11,I,JK,6.5,2.5
2024,Qtr 1,March,20,4.22,Zn,GOLF P,20,10
2024,Qtr 1,March,20,4.23,I,TERK,6.5,2.5
2024,Qtr 1,March,20,4.47,I,BALBOA,6.5,2.5
2024,Qtr 1,March,20,4.48,Zn,GL RANCH,20,10
2024,Qtr 1,March,20,4.51,Zn,GJ,20,10
2024,Qtr 1,March,20,4.57,Zn,MAZZ-HOME,20,10
2024,Qtr 1,March,20,4.59,P,GL RANCH,800,400
2024,Qtr 1,March,20,4.66,Cu,DAF 2,4,2
2024,Qtr 1,March,20,4.75,I,MAZZ-HOME,6.5,2.5
2024,Qtr 1,March,20,4.81,S,TOP,700,300
2024,Qtr 1,March,20,4.86,P,GL ORGANIC,800,400
2024,Qtr 1,March,20,4.87,P,BRS-250,800,400
2024,Qtr 1,March,20,4.92,Zn,DAF 2,20,10
2024,Qtr 1,March,20,5.01,Zn,BI,20,10
2024,Qtr 1,March,20,5.1,I,REYES,6.5,2.5
2024,Qtr 1,March,20,5.13,Zn,DAF,20,10
2024,Qtr 1,March,20,5.2,Cu,WFP,4,2
2024,Qtr 1,March,20,5.45,P,BI,800,400
2024,Qtr 1,March,20,5.51,Cu,BI,4,2
2024,Qtr 1,March,20,5.64,I,GL ORGANIC,6.5,2.5
2024,Qtr 1,March,20,5.67,I,KF,6.5,2.5
2024,Qtr 1,March,20,5.7,Cl,DAF,4000,2000
2024,Qtr 1,March,20,5.7,Cu,GL RANCH,4,2
2024,Qtr 1,March,20,5.74,Cu,TERK,4,2
2024,Qtr 1,March,20,5.75,Zn,TERK,20,10
2024,Qtr 1,March,20,5.93,Zn,TERK,20,10
2024,Qtr 1,March,20,6.1,S,WFP,700,300
2024,Qtr 1,March,20,6.18,P,WFP,800,400
2024,Qtr 1,March,20,6.27,S,C&H2,700,300
2024,Qtr 1,March,20,6.37,S,BALBOA,700,300
2024,Qtr 1,March,20,6.67,P,C&H2,800,400
2024,Qtr 1,March,20,6.74,I,BI,6.5,2.5
2024,Qtr 1,March,20,7.13,P,KF,800,400
2024,Qtr 1,March,20,7.83,S,BYRD,700,300
2024,Qtr 1,March,20,8.02,S,BI,700,300
2024,Qtr 1,March,20,8.1,S,REYES,700,300
2024,Qtr 1,March,20,8.2,S,C&H3,700,300
2024,Qtr 1,March,20,8.21,S,GL RANCH,700,300
2024,Qtr 1,March,20,8.26,Cu,BRU-1A,4,2
2024,Qtr 1,March,20,8.39,S,BALBOA,700,300
2024,Qtr 1,March,20,8.54,S,JK,700,300
2024,Qtr 1,March,20,8.66,Cu,SP 50,4,2
2024,Qtr 1,March,20,9.03,S,KF,700,300
2024,Qtr 1,March,20,9.07,Zn,BI,20,10
2024,Qtr 1,March,20,9.26,S,505 NORTH,700,300
2024,Qtr 1,March,20,9.33,S,JK,700,300
2024,Qtr 1,March,20,9.38,S,GOLF P,700,300
2024,Qtr 1,March,20,9.52,S,SP 50,700,300
2024,Qtr 1,March,20,9.53,S,DAF,700,300
2024,Qtr 1,March,20,9.78,S,DAF,700,300
2024,Qtr 1,March,20,9.78,S,GOODMAN,700,300
2024,Qtr 1,March,20,9.86,P,MAZZ-HOME,800,400
2024,Qtr 1,March,20,10.19,S,RCH,700,300
2024,Qtr 1,March,20,10.22,S,GL ORGANIC,700,300
2024,Qtr 1,March,20,10.25,S,TERK,700,300
2024,Qtr 1,March,20,10.39,S,MAZZ-HOME,700,300
2024,Qtr 1,March,20,10.8,S,GJ,700,300
2024,Qtr 1,March,20,11.11,S,DAF,700,300
2024,Qtr 1,March,20,11.19,S,DAF 2,700,300
2024,Qtr 1,March,20,11.29,S,TERK,700,300
2024,Qtr 1,March,20,11.44,S,BRS-250,700,300
2024,Qtr 1,March,20,11.53,P,GL RANCH,800,400
2024,Qtr 1,March,20,11.53,Zn,WFP,20,10
2024,Qtr 1,March,20,12.14,S,GL RANCH,700,300
2024,Qtr 1,March,20,12.53,S,GOLF,700,300
2024,Qtr 1,March,20,12.74,Mn,GJ,40,15
2024,Qtr 1,March,20,12.78,P,505 SOUTH,800,400
2024,Qtr 1,March,20,13.16,S,DAF,700,300
2024,Qtr 1,March,20,14.02,Cu,C&H2,4,2
2024,Qtr 1,March,20,14.36,Mn,C&H3,40,15
2024,Qtr 1,March,20,15.54,P,BYRD,800,400
2024,Qtr 1,March,20,15.75,S,505 SOUTH,700,300
2024,Qtr 1,March,20,16.33,P,BALBOA,800,400
2024,Qtr 1,March,20,17.34,P,GOLF P,800,400
2024,Qtr 1,March,20,17.63,P,RCH,800,400
2024,Qtr 1,March,20,18.27,P,TERK,800,400
2024,Qtr 1,March,20,18.56,Zn,SP 50,20,10
2024,Qtr 1,March,20,18.77,Mn,GOLF,40,15
2024,Qtr 1,March,20,18.8,P,REYES,800,400
2024,Qtr 1,March,20,18.98,S,BRU-1A,700,300
2024,Qtr 1,March,20,19.97,Cl,REYES,4000,2000
2024,Qtr 1,March,20,21.41,P,BI,800,400
2024,Qtr 1,March,20,22.2,Mn,WFP,40,15
2024,Qtr 1,March,20,23.87,Mn,MAZZ-HOME,40,15
2024,Qtr 1,March,20,25.21,P,DAF,800,400
2024,Qtr 1,March,20,26.08,Fe,C&H3,65,25
2024,Qtr 1,March,20,26.19,Mn,505 SOUTH,40,15
2024,Qtr 1,March,20,27.28,Mn,DAF,40,15
2024,Qtr 1,March,20,28.04,Mn,DAF,40,15
2024,Qtr 1,March,20,29.44,P,DAF,800,400
2024,Qtr 1,March,20,30.51,Cl,WFP,4000,2000
2024,Qtr 1,March,20,30.71,P,TERK,800,400
2024,Qtr 1,March,20,30.72,Mn,DAF 2,40,15
2024,Qtr 1,March,20,31.29,Mn,TERK,40,15
2024,Qtr 1,March,20,31.61,P,BRU-1A,800,400
2024,Qtr 1,March,20,31.71,Mn,GL RANCH,40,15
2024,Qtr 1,March,20,31.84,Fe,MAZZ-HOME,65,25
2024,Qtr 1,March,20,32.72,Mn,DAF,40,15
2024,Qtr 1,March,20,33.39,Mn,RCH,40,15
2024,Qtr 1,March,20,33.69,Mn,DAF,40,15
2024,Qtr 1,March,20,33.78,Mn,TOP,40,15
2024,Qtr 1,March,20,33.89,Na,WFP,80,40
2024,Qtr 1,March,20,34.28,Na,BI,80,40
2024,Qtr 1,March,20,34.79,Fe,DAF 2,65,25
2024,Qtr 1,March,20,35.92,P,BALBOA,800,400
2024,Qtr 1,March,20,36.12,P,GJ,800,400
2024,Qtr 1,March,20,36.37,Mn,BRS-250,40,15
2024,Qtr 1,March,20,36.44,Na,DAF 2,80,40
2024,Qtr 1,March,20,37.75,Cl,BALBOA,4000,2000
2024,Qtr 1,March,20,38.59,Mn,BALBOA,40,15
2024,Qtr 1,March,20,38.86,S,BI,700,300
2024,Qtr 1,March,20,39.34,Mn,BYRD,40,15
2024,Qtr 1,March,20,39.73,Fe,JK,65,25
2024,Qtr 1,March,20,39.76,Fe,GOLF,65,25
2024,Qtr 1,March,20,40.26,Cl,BRS-250,4000,2000
2024,Qtr 1,March,20,40.37,Fe,DAF,65,25
2024,Qtr 1,March,20,40.64,Fe,BYRD,65,25
2024,Qtr 1,March,20,41,Na,C&H3,80,40
2024,Qtr 1,March,20,41.4,Mn,BALBOA,40,15
2024,Qtr 1,March,20,41.47,Na,TERK,80,40
2024,Qtr 1,March,20,41.9,Mn,505 NORTH,40,15
2024,Qtr 1,March,20,41.92,P,505 NORTH,800,400
2024,Qtr 1,March,20,42.29,Mn,C&H2,40,15
2024,Qtr 1,March,20,42.3,Fe,WFP,65,25
2024,Qtr 1,March,20,42.3,Na,GL ORGANIC,80,40
2024,Qtr 1,March,20,42.69,Fe,DAF,65,25
2024,Qtr 1,March,20,42.92,Fe,BRS-250,65,25
2024,Qtr 1,March,20,43.37,Mn,GL ORGANIC,40,15
2024,Qtr 1,March,20,43.59,Fe,GOODMAN,65,25
2024,Qtr 1,March,20,43.88,Mn,SP 50,40,15
2024,Qtr 1,March,20,44.08,Na,BRU-1A,80,40
2024,Qtr 1,March,20,44.48,Mn,GOODMAN,40,15
2024,Qtr 1,March,20,45.24,Fe,BALBOA,65,25
2024,Qtr 1,March,20,45.5,Fe,JK,65,25
2024,Qtr 1,March,20,45.96,Mn,JK,40,15
2024,Qtr 1,March,20,46.21,Cl,DAF,4000,2000
2024,Qtr 1,March,20,46.21,Mn,GOLF P,40,15
2024,Qtr 1,March,20,46.49,Na,RCH,80,40
2024,Qtr 1,March,20,46.61,Fe,505 NORTH,65,25
2024,Qtr 1,March,20,47.09,Mn,JK,40,15
2024,Qtr 1,March,20,47.23,Fe,505 SOUTH,65,25
2024,Qtr 1,March,20,47.64,Cl,MAZZ-HOME,4000,2000
2024,Qtr 1,March,20,47.73,Mn,KF,40,15
2024,Qtr 1,March,20,47.75,Cl,505 SOUTH,4000,2000
2024,Qtr 1,March,20,47.99,Fe,TERK,65,25
2024,Qtr 1,March,20,48.11,Mn,BI,40,15
2024,Qtr 1,March,20,48.43,Na,505 SOUTH,80,40
2024,Qtr 1,March,20,48.56,Fe,BALBOA,65,25
2024,Qtr 1,March,20,49.1,Cl,TOP,4000,2000
2024,Qtr 1,March,20,49.59,Fe,GL RANCH,65,25
2024,Qtr 1,March,20,49.66,Fe,REYES,65,25
2024,Qtr 1,March,20,49.74,Na,505 NORTH,80,40
2024,Qtr 1,March,20,49.95,Na,GL RANCH,80,40
2024,Qtr 1,March,20,50.79,Mn,REYES,40,15
2024,Qtr 1,March,20,51.47,Na,MAZZ-HOME,80,40
2024,Qtr 1,March,20,51.8,P,GOODMAN,800,400
2024,Qtr 1,March,20,53.48,Cl,GL ORGANIC,4000,2000
2024,Qtr 1,March,20,53.59,Cl,SP 50,4000,2000
2024,Qtr 1,March,20,54.44,Na,GJ,80,40
2024,Qtr 1,March,20,55.52,Na,JK,80,40
2024,Qtr 1,March,20,55.61,Na,JK,80,40
2024,Qtr 1,March,20,55.73,Na,REYES,80,40
2024,Qtr 1,March,20,56.4,Fe,C&H2,65,25
2024,Qtr 1,March,20,56.78,Na,BYRD,80,40
2024,Qtr 1,March,20,56.97,K,GOLF,10000,6000
2024,Qtr 1,March,20,57.09,Fe,TOP,65,25
2024,Qtr 1,March,20,57.93,Na,C&H2,80,40
2024,Qtr 1,March,20,58.25,Cl,JK,4000,2000
2024,Qtr 1,March,20,58.81,Cl,BRU-1A,4000,2000
2024,Qtr 1,March,20,59.19,Cl,TERK,4000,2000
2024,Qtr 1,March,20,59.44,K,JK,10000,6000
2024,Qtr 1,March,20,59.48,Na,DAF,80,40
2024,Qtr 1,March,20,59.96,Na,GOLF,80,40
2024,Qtr 1,March,20,59.99,Cl,GL RANCH,4000,2000
2024,Qtr 1,March,20,60.06,Cl,DAF,4000,2000
2024,Qtr 1,March,20,60.41,Mn,BI,40,15
2024,Qtr 1,March,20,60.44,Na,SP 50,80,40
2024,Qtr 1,March,20,61.25,Fe,DAF,65,25
2024,Qtr 1,March,20,61.49,Cl,505 NORTH,4000,2000
2024,Qtr 1,March,20,61.72,Fe,BI,65,25
2024,Qtr 1,March,20,62.54,Cl,C&H3,4000,2000
2024,Qtr 1,March,20,63.14,Cl,GJ,4000,2000
2024,Qtr 1,March,20,63.37,Cl,GOODMAN,4000,2000
2024,Qtr 1,March,20,63.74,Fe,GL ORGANIC,65,25
2024,Qtr 1,March,20,63.8,Na,BRS-250,80,40
2024,Qtr 1,March,20,64.17,P,SP 50,800,400
2024,Qtr 1,March,20,64.49,Cl,GOLF P,4000,2000
2024,Qtr 1,March,20,64.94,Na,DAF,80,40
2024,Qtr 1,March,20,65.18,Fe,KF,65,25
2024,Qtr 1,March,20,65.76,K,JK,10000,6000
2024,Qtr 1,March,20,66.45,Na,DAF,80,40
2024,Qtr 1,March,20,66.51,Fe,GL RANCH,65,25
2024,Qtr 1,March,20,68.72,Na,GL RANCH,80,40
2024,Qtr 1,March,20,69.41,Cl,BYRD,4000,2000
2024,Qtr 1,March,20,72.21,Cl,BALBOA,4000,2000
2024,Qtr 1,March,20,72.8,Cl,TERK,4000,2000
2024,Qtr 1,March,20,72.86,Mn,BRU-1A,40,15
2024,Qtr 1,March,20,73.04,Fe,DAF,65,25
2024,Qtr 1,March,20,73.08,Na,DAF,80,40
2024,Qtr 1,March,20,73.58,K,C&H2,10000,6000
2024,Qtr 1,March,20,74.6,K,DAF 2,10000,6000
2024,Qtr 1,March,20,75.19,Mn,TERK,40,15
2024,Qtr 1,March,20,77.4,Na,KF,80,40
2024,Qtr 1,March,20,77.74,Cl,BI,4000,2000
2024,Qtr 1,March,20,78.04,Na,TERK,80,40
2024,Qtr 1,March,20,79.56,Mn,GL RANCH,40,15
2024,Qtr 1,March,20,80.22,Na,GOLF P,80,40
2024,Qtr 1,March,20,81.29,Cl,GOLF,4000,2000
2024,Qtr 1,March,20,83.31,Fe,RCH,65,25
2024,Qtr 1,March,20,84.34,Cl,JK,4000,2000
2024,Qtr 1,March,20,85.92,Cl,KF,4000,2000
2024,Qtr 1,March,20,86.46,Fe,BI,65,25
2024,Qtr 1,March,20,86.52,Fe,GOLF P,65,25
2024,Qtr 1,March,20,86.52,K,DAF,10000,6000
2024,Qtr 1,March,20,86.64,Cl,DAF,4000,2000
2024,Qtr 1,March,20,88.92,K,GL ORGANIC,10000,6000
2024,Qtr 1,March,20,89.08,Fe,GJ,65,25
2024,Qtr 1,March,20,90.82,Na,BALBOA,80,40
2024,Qtr 1,March,20,93.32,Fe,TERK,65,25
2024,Qtr 1,March,20,94.69,K,DAF,10000,6000
2024,Qtr 1,March,20,96.63,Fe,SP 50,65,25
2024,Qtr 1,March,20,96.88,Cl,RCH,4000,2000
2024,Qtr 1,March,20,99.63,Si,GOLF,100,40
2024,Qtr 1,March,20,103.32,Cl,GL RANCH,4000,2000
2024,Qtr 1,March,20,107.7,Si,WFP,100,40
2024,Qtr 1,March,20,108.58,Al,GOLF,8,4
2024,Qtr 1,March,20,112.26,Na,TOP,80,40
2024,Qtr 1,March,20,113.3,K,BALBOA,10000,6000
2024,Qtr 1,March,20,113.68,Al,C&H3,8,4
2024,Qtr 1,March,20,116.25,Al,DAF 2,8,4
2024,Qtr 1,March,20,116.96,Si,GJ,100,40
2024,Qtr 1,March,20,117.92,Cl,BI,4000,2000
2024,Qtr 1,March,20,121.96,Al,WFP,8,4
2024,Qtr 1,March,20,128.79,Si,C&H3,100,40
2024,Qtr 1,March,20,132.06,K,WFP,10000,6000
2024,Qtr 1,March,20,133.86,K,GJ,10000,6000
2024,Qtr 1,March,20,137.22,K,505 SOUTH,10000,6000
2024,Qtr 1,March,20,140.86,K,GL RANCH,10000,6000
2024,Qtr 1,March,20,143.35,Si,DAF 2,100,40
2024,Qtr 1,March,20,144.19,Na,BALBOA,80,40
2024,Qtr 1,March,20,148.58,Fe,BRU-1A,65,25
2024,Qtr 1,March,20,149.1,Al,DAF,8,4
2024,Qtr 1,March,20,149.12,K,BI,10000,6000
2024,Qtr 1,March,20,149.84,Al,DAF,8,4
2024,Qtr 1,March,20,149.96,Na,BI,80,40
2024,Qtr 1,March,20,149.98,Si,GL RANCH,100,40
2024,Qtr 1,March,20,150.48,Al,REYES,8,4
2024,Qtr 1,March,20,150.65,K,REYES,10000,6000
2024,Qtr 1,March,20,150.78,Si,MAZZ-HOME,100,40
2024,Qtr 1,March,20,151.18,Al,GL RANCH,8,4
2024,Qtr 1,March,20,151.52,Al,BALBOA,8,4
2024,Qtr 1,March,20,152.38,K,C&H3,10000,6000
2024,Qtr 1,March,20,152.87,Al,BALBOA,8,4
2024,Qtr 1,March,20,154.6,Al,GL ORGANIC,8,4
2024,Qtr 1,March,20,155.02,Al,MAZZ-HOME,8,4
2024,Qtr 1,March,20,155.57,Al,GOODMAN,8,4
2024,Qtr 1,March,20,156.96,K,DAF,10000,6000
2024,Qtr 1,March,20,158.23,Al,TERK,8,4
2024,Qtr 1,March,20,158.79,K,DAF,10000,6000
2024,Qtr 1,March,20,161.26,K,TOP,10000,6000
2024,Qtr 1,March,20,161.96,Si,505 SOUTH,100,40
2024,Qtr 1,March,20,164.25,K,RCH,10000,6000
2024,Qtr 1,March,20,164.42,Si,DAF,100,40
2024,Qtr 1,March,20,166.71,Si,DAF,100,40
2024,Qtr 1,March,20,173.47,K,BALBOA,10000,6000
2024,Qtr 1,March,20,174.01,Si,TERK,100,40
2024,Qtr 1,March,20,174.16,Al,JK,8,4
2024,Qtr 1,March,20,175.24,Al,BRS-250,8,4
2024,Qtr 1,March,20,175.92,Al,BYRD,8,4
2024,Qtr 1,March,20,179.47,Na,GOODMAN,80,40
2024,Qtr 1,March,20,181.25,Al,JK,8,4
2024,Qtr 1,March,20,182.41,Si,BALBOA,100,40
2024,Qtr 1,March,20,187.3,Si,BRS-250,100,40
2024,Qtr 1,March,20,189.17,Si,BALBOA,100,40
2024,Qtr 1,March,20,189.4,Si,JK,100,40
2024,Qtr 1,March,20,190.03,Si,DAF,100,40
2024,Qtr 1,March,20,190.64,Al,505 SOUTH,8,4
2024,Qtr 1,March,20,192.57,Si,BYRD,100,40
2024,Qtr 1,March,20,195.14,K,TERK,10000,6000
2024,Qtr 1,March,20,196.35,Si,GL ORGANIC,100,40
2024,Qtr 1,March,20,197.35,Cl,C&H2,4000,2000
2024,Qtr 1,March,20,197.63,Si,C&H2,100,40
2024,Qtr 1,March,20,200.44,Si,RCH,100,40
2024,Qtr 1,March,20,204.59,Si,REYES,100,40
2024,Qtr 1,March,20,206.67,Si,GOODMAN,100,40
2024,Qtr 1,March,20,207.37,Al,DAF,8,4
2024,Qtr 1,March,20,209.72,K,BRS-250,10000,6000
2024,Qtr 1,March,20,214.5,Si,DAF,100,40
2024,Qtr 1,March,20,215.38,Al,C&H2,8,4
2024,Qtr 1,March,20,217.4,Al,GJ,8,4
2024,Qtr 1,March,20,217.94,K,TERK,10000,6000
2024,Qtr 1,March,20,219.63,Si,SP 50,100,40
2024,Qtr 1,March,20,222.42,K,BI,10000,6000
2024,Qtr 1,March,20,222.87,Al,505 NORTH,8,4
2024,Qtr 1,March,20,224.14,Mg,BRU-1A,2000,1000
2024,Qtr 1,March,20,224.82,Si,JK,100,40
2024,Qtr 1,March,20,225.18,Al,DAF,8,4
2024,Qtr 1,March,20,225.7,K,505 NORTH,10000,6000
2024,Qtr 1,March,20,227.15,Si,BRU-1A,100,40
2024,Qtr 1,March,20,230.12,Si,BI,100,40
2024,Qtr 1,March,20,230.41,Al,KF,8,4
2024,Qtr 1,March,20,231.67,Al,GL RANCH,8,4
2024,Qtr 1,March,20,235.8,K,MAZZ-HOME,10000,6000
2024,Qtr 1,March,20,236.98,Mg,WFP,2000,1000
2024,Qtr 1,March,20,241.23,Si,505 NORTH,100,40
2024,Qtr 1,March,20,249.25,Al,TOP,8,4
2024,Qtr 1,March,20,251.32,Al,RCH,8,4
2024,Qtr 1,March,20,258.18,Al,GOLF P,8,4
2024,Qtr 1,March,20,262.42,Al,SP 50,8,4
2024,Qtr 1,March,20,265.37,Si,TERK,100,40
2024,Qtr 1,March,20,267.94,Si,GOLF P,100,40
2024,Qtr 1,March,20,274.65,K,BRU-1A,10000,6000
2024,Qtr 1,March,20,280.08,Si,BI,100,40
2024,Qtr 1,March,20,282.59,Si,KF,100,40
2024,Qtr 1,March,20,284.22,K,GOLF P,10000,6000
2024,Qtr 1,March,20,288.8,Al,TERK,8,4
2024,Qtr 1,March,20,289,Mg,BI,2000,1000
2024,Qtr 1,March,20,296.82,K,BYRD,10000,6000
2024,Qtr 1,March,20,297.8,Si,GL RANCH,100,40
2024,Qtr 1,March,20,299.61,Mg,GOLF,2000,1000
2024,Qtr 1,March,20,301.86,Mg,C&H2,2000,1000
2024,Qtr 1,March,20,306.83,Mg,DAF 2,2000,1000
2024,Qtr 1,March,20,309.74,Si,TOP,100,40
2024,Qtr 1,March,20,316.91,Al,BI,8,4
2024,Qtr 1,March,20,323.36,K,SP 50,10000,6000
2024,Qtr 1,March,20,351.15,Mg,GL ORGANIC,2000,1000
2024,Qtr 1,March,20,351.78,K,GL RANCH,10000,6000
2024,Qtr 1,March,20,352.66,K,GOODMAN,10000,6000
2024,Qtr 1,March,20,353.69,Al,BI,8,4
2024,Qtr 1,March,20,356.92,K,KF,10000,6000
2024,Qtr 1,March,20,369.98,Mg,GJ,2000,1000
2024,Qtr 1,March,20,377.14,Mg,DAF,2000,1000
2024,Qtr 1,March,20,388.23,Mg,DAF,2000,1000
2024,Qtr 1,March,20,404.72,Al,BRU-1A,8,4
2024,Qtr 1,March,20,419.99,Mg,JK,2000,1000
2024,Qtr 1,March,20,435.61,Mg,GL RANCH,2000,1000
2024,Qtr 1,March,20,465.24,Mg,DAF,2000,1000
2024,Qtr 1,March,20,481.83,Mg,RCH,2000,1000
2024,Qtr 1,March,20,482.79,Mg,JK,2000,1000
2024,Qtr 1,March,20,509.69,Mg,DAF,2000,1000
2024,Qtr 1,March,20,560.73,Mg,BALBOA,2000,1000
2024,Qtr 1,March,20,570.47,Mg,505 SOUTH,2000,1000
2024,Qtr 1,March,20,572.77,Mg,TERK,2000,1000
2024,Qtr 1,March,20,602.48,Cl,DAF 2,4000,2000
2024,Qtr 1,March,20,618.91,Mg,BRS-250,2000,1000
2024,Qtr 1,March,20,625,Mg,GL RANCH,2000,1000
2024,Qtr 1,March,20,627.08,Mg,MAZZ-HOME,2000,1000
2024,Qtr 1,March,20,633.64,Ca,BI,2500,1500
2024,Qtr 1,March,20,650.32,Mg,REYES,2000,1000
2024,Qtr 1,March,20,660.77,Mg,SP 50,2000,1000
2024,Qtr 1,March,20,675.42,Ca,C&H2,2500,1500
2024,Qtr 1,March,20,688.29,Mg,BALBOA,2000,1000
2024,Qtr 1,March,20,699.1,Ca,JK,2500,1500
2024,Qtr 1,March,20,709.54,Ca,DAF 2,2500,1500
2024,Qtr 1,March,20,730.36,Mg,TERK,2000,1000
2024,Qtr 1,March,20,742.3,Mg,C&H3,2000,1000
2024,Qtr 1,March,20,754.59,Ca,BRU-1A,2500,1500
2024,Qtr 1,March,20,773.35,Ca,JK,2500,1500
2024,Qtr 1,March,20,789.04,Ca,GOLF,2500,1500
2024,Qtr 1,March,20,796.79,Ca,REYES,2500,1500
2024,Qtr 1,March,20,805.6,Mg,BI,2000,1000
2024,Qtr 1,March,20,812.18,Ca,GJ,2500,1500
2024,Qtr 1,March,20,816.9,Ca,DAF,2500,1500
2024,Qtr 1,March,20,824.02,Mg,KF,2000,1000
2024,Qtr 1,March,20,860.14,Mg,GOLF P,2000,1000
2024,Qtr 1,March,20,900.77,Ca,GL ORGANIC,2500,1500
2024,Qtr 1,March,20,945.09,Mg,BYRD,2000,1000
2024,Qtr 1,March,20,971.29,Ca,DAF,2500,1500
2024,Qtr 1,March,20,979.35,Ca,WFP,2500,1500
2024,Qtr 1,March,20,1025.9,Mg,GOODMAN,2000,1000
2024,Qtr 1,March,20,1057.17,Ca,C&H3,2500,1500
2024,Qtr 1,March,20,1079.26,Mg,505 NORTH,2000,1000
2024,Qtr 1,March,20,1146.15,Ca,RCH,2500,1500
2024,Qtr 1,March,20,1236.74,Ca,GL RANCH,2500,1500
2024,Qtr 1,March,20,1240.34,Mg,TOP,2000,1000
2024,Qtr 1,March,20,1265.86,Ca,GL RANCH,2500,1500
2024,Qtr 1,March,20,1282.22,Ca,MAZZ-HOME,2500,1500
2024,Qtr 1,March,20,1294.16,Ca,BYRD,2500,1500
2024,Qtr 1,March,20,1346.13,Ca,DAF,2500,1500
2024,Qtr 1,March,20,1406.71,Ca,505 SOUTH,2500,1500
2024,Qtr 1,March,20,1411.5,Ca,BALBOA,2500,1500
2024,Qtr 1,March,20,1479.28,Ca,505 NORTH,2500,1500
2024,Qtr 1,March,20,1597.17,Ca,BRS-250,2500,1500
2024,Qtr 1,March,20,1640.82,Ca,GOLF P,2500,1500
2024,Qtr 1,March,20,1659.35,Ca,BALBOA,2500,1500
2024,Qtr 1,March,20,1818.32,Ca,DAF,2500,1500
2024,Qtr 1,March,20,1823.9,Ca,KF,2500,1500
2024,Qtr 1,March,20,1836.16,Ca,GOODMAN,2500,1500
2024,Qtr 1,March,20,1841.21,Ca,SP 50,2500,1500
2024,Qtr 1,March,20,1903.39,Ca,TERK,2500,1500
2024,Qtr 1,March,20,2287.08,Ca,BI,2500,1500
2024,Qtr 1,March,20,2439.42,Ca,TOP,2500,1500
2024,Qtr 1,March,20,3489.85,Ca,TERK,2500,1500
2024,Qtr 4,October,7,0.14,Mo,GOLF,5.25,1.25
2024,Qtr 4,October,7,0.2,Mo,RCH,5.25,1.25
2024,Qtr 4,October,7,0.21,Mo,GJ,5.25,1.25
2024,Qtr 4,October,7,0.23,Mo,C&H2,5.25,1.25
2024,Qtr 4,October,7,0.23,Mo,DAF,5.25,1.25
2024,Qtr 4,October,7,0.24,Mo,SP 50,5.25,1.25
2024,Qtr 4,October,7,0.24,Mo,TERK,5.25,1.25
2024,Qtr 4,October,7,0.25,Mo,BI,5.25,1.25
2024,Qtr 4,October,7,0.25,Mo,KF,5.25,1.25
2024,Qtr 4,October,7,0.26,Mo,GL RANCH,5.25,1.25
2024,Qtr 4,October,7,0.26,Mo,GOLF P,5.25,1.25
2024,Qtr 4,October,7,0.27,Mo,DAF,5.25,1.25
2024,Qtr 4,October,7,0.27,Mo,GL RANCH,5.25,1.25
2024,Qtr 4,October,7,0.28,Mo,DAF,5.25,1.25
2024,Qtr 4,October,7,0.28,Mo,GL RANCH,5.25,1.25
2024,Qtr 4,October,7,0.29,Se,GOLF P,2,1
2024,Qtr 4,October,7,0.31,Mo,TERK,5.25,1.25
2024,Qtr 4,October,7,0.32,Mo,DAF,5.25,1.25
2024,Qtr 4,October,7,0.33,Mo,BRU-1A,5.25,1.25
2024,Qtr 4,October,7,0.33,Mo,DAF 2,5.25,1.25
2024,Qtr 4,October,7,0.34,Se,C&H2,2,1
2024,Qtr 4,October,7,0.34,Se,RCH,2,1
2024,Qtr 4,October,7,0.36,B,RCH,12,6
2024,Qtr 4,October,7,0.38,Mo,BI,5.25,1.25
2024,Qtr 4,October,7,0.44,Se,DAF,2,1
2024,Qtr 4,October,7,0.49,B,BI,12,6
2024,Qtr 4,October,7,0.55,B,GJ,12,6
2024,Qtr 4,October,7,0.59,Se,DAF,2,1
2024,Qtr 4,October,7,0.6,Se,GL RANCH,2,1
2024,Qtr 4,October,7,0.61,B,SP 50,12,6
2024,Qtr 4,October,7,0.64,Se,DAF,2,1
2024,Qtr 4,October,7,0.65,B,GOLF,12,6
2024,Qtr 4,October,7,0.66,B,BI,12,6
2024,Qtr 4,October,7,0.68,Se,SP 50,2,1
2024,Qtr 4,October,7,0.69,B,GOLF P,12,6
2024,Qtr 4,October,7,0.7,B,C&H2,12,6
2024,Qtr 4,October,7,0.71,B,BRU-1A,12,6
2024,Qtr 4,October,7,0.72,B,DAF,12,6
2024,Qtr 4,October,7,0.74,Se,DAF,2,1
2024,Qtr 4,October,7,0.74,Se,GL RANCH,2,1
2024,Qtr 4,October,7,0.76,Se,GL RANCH,2,1
2024,Qtr 4,October,7,0.77,Se,BI,2,1
2024,Qtr 4,October,7,0.77,Se,GOLF,2,1
2024,Qtr 4,October,7,0.78,B,DAF,12,6
2024,Qtr 4,October,7,0.83,B,TERK,12,6
2024,Qtr 4,October,7,0.92,Se,TERK,2,1
2024,Qtr 4,October,7,0.93,B,DAF 2,12,6
2024,Qtr 4,October,7,0.95,Cu,DAF,4,2
2024,Qtr 4,October,7,0.97,Co,DAF,3.25,1.25
2024,Qtr 4,October,7,0.97,Se,BI,2,1
2024,Qtr 4,October,7,0.98,B,DAF,12,6
2024,Qtr 4,October,7,0.99,B,GL RANCH,12,6
2024,Qtr 4,October,7,1.01,Se,DAF 2,2,1
2024,Qtr 4,October,7,1.03,Se,TERK,2,1
2024,Qtr 4,October,7,1.05,Co,GOLF,3.25,1.25
2024,Qtr 4,October,7,1.11,Se,KF,2,1
2024,Qtr 4,October,7,1.13,Se,BRU-1A,2,1
2024,Qtr 4,October,7,1.14,B,TERK,12,6
2024,Qtr 4,October,7,1.17,Co,DAF,3.25,1.25
2024,Qtr 4,October,7,1.18,B,GL RANCH,12,6
2024,Qtr 4,October,7,1.22,Se,GJ,2,1
2024,Qtr 4,October,7,1.23,Co,SP 50,3.25,1.25
2024,Qtr 4,October,7,1.25,Cu,RCH,4,2
2024,Qtr 4,October,7,1.39,B,GL RANCH,12,6
2024,Qtr 4,October,7,1.46,Co,BI,3.25,1.25
2024,Qtr 4,October,7,1.52,Co,DAF,3.25,1.25
2024,Qtr 4,October,7,1.52,Co,GL RANCH,3.25,1.25
2024,Qtr 4,October,7,1.58,Co,RCH,3.25,1.25
2024,Qtr 4,October,7,1.64,Cu,DAF,4,2
2024,Qtr 4,October,7,1.67,Co,DAF,3.25,1.25
2024,Qtr 4,October,7,1.68,Co,GJ,3.25,1.25
2024,Qtr 4,October,7,1.71,Zn,DAF,20,10
2024,Qtr 4,October,7,1.75,Zn,GJ,20,10
2024,Qtr 4,October,7,1.77,Co,GL RANCH,3.25,1.25
2024,Qtr 4,October,7,1.78,Zn,C&H2,20,10
2024,Qtr 4,October,7,1.79,Co,TERK,3.25,1.25
2024,Qtr 4,October,7,1.8,Co,C&H2,3.25,1.25
2024,Qtr 4,October,7,1.82,I,TERK,6.5,2.5
2024,Qtr 4,October,7,1.83,Zn,DAF,20,10
2024,Qtr 4,October,7,1.84,I,DAF,6.5,2.5
2024,Qtr 4,October,7,1.85,Co,BRU-1A,3.25,1.25
2024,Qtr 4,October,7,1.85,I,BI,6.5,2.5
2024,Qtr 4,October,7,1.85,Zn,DAF,20,10
2024,Qtr 4,October,7,1.86,I,KF,6.5,2.5
2024,Qtr 4,October,7,1.86,Zn,GL RANCH,20,10
2024,Qtr 4,October,7,1.87,Co,GL RANCH,3.25,1.25
2024,Qtr 4,October,7,1.88,Zn,DAF,20,10
2024,Qtr 4,October,7,1.93,Co,KF,3.25,1.25
2024,Qtr 4,October,7,1.97,Cu,DAF,4,2
2024,Qtr 4,October,7,2.06,Co,BI,3.25,1.25
2024,Qtr 4,October,7,2.06,I,DAF 2,6.5,2.5
2024,Qtr 4,October,7,2.07,Cu,DAF,4,2
2024,Qtr 4,October,7,2.07,I,GL RANCH,6.5,2.5
2024,Qtr 4,October,7,2.12,Cu,GL RANCH,4,2
2024,Qtr 4,October,7,2.16,Cu,GL RANCH,4,2
2024,Qtr 4,October,7,2.17,Cu,BI,4,2
2024,Qtr 4,October,7,2.21,I,GL RANCH,6.5,2.5
2024,Qtr 4,October,7,2.24,B,KF,12,6
2024,Qtr 4,October,7,2.28,Co,GOLF P,3.25,1.25
2024,Qtr 4,October,7,2.3,Co,DAF 2,3.25,1.25
2024,Qtr 4,October,7,2.35,I,TERK,6.5,2.5
2024,Qtr 4,October,7,2.36,Zn,TERK,20,10
2024,Qtr 4,October,7,2.43,I,DAF,6.5,2.5
2024,Qtr 4,October,7,2.44,P,GL RANCH,800,400
2024,Qtr 4,October,7,2.5,Cu,BI,4,2
2024,Qtr 4,October,7,2.5,I,RCH,6.5,2.5
2024,Qtr 4,October,7,2.59,Cu,GOLF P,4,2
2024,Qtr 4,October,7,2.61,Co,TERK,3.25,1.25
2024,Qtr 4,October,7,2.72,Zn,BRU-1A,20,10
2024,Qtr 4,October,7,2.82,Cu,TERK,4,2
2024,Qtr 4,October,7,2.88,Zn,GOLF P,20,10
2024,Qtr 4,October,7,2.98,Cu,GOLF,4,2
2024,Qtr 4,October,7,2.98,I,GJ,6.5,2.5
2024,Qtr 4,October,7,3.03,I,BI,6.5,2.5
2024,Qtr 4,October,7,3.08,I,DAF,6.5,2.5
2024,Qtr 4,October,7,3.13,Zn,GL RANCH,20,10
2024,Qtr 4,October,7,3.16,Zn,DAF 2,20,10
2024,Qtr 4,October,7,3.25,Cu,GJ,4,2
2024,Qtr 4,October,7,3.58,Cu,KF,4,2
2024,Qtr 4,October,7,3.69,Zn,BI,20,10
2024,Qtr 4,October,7,3.92,Cu,SP 50,4,2
2024,Qtr 4,October,7,3.96,S,DAF,700,300
2024,Qtr 4,October,7,4.05,Cu,TERK,4,2
2024,Qtr 4,October,7,4.22,Zn,GOLF,20,10
2024,Qtr 4,October,7,4.43,P,GOLF,800,400
2024,Qtr 4,October,7,4.71,Zn,KF,20,10
2024,Qtr 4,October,7,4.72,Zn,TERK,20,10
2024,Qtr 4,October,7,4.81,P,DAF 2,800,400
2024,Qtr 4,October,7,4.84,I,C&H2,6.5,2.5
2024,Qtr 4,October,7,4.97,Cu,GL RANCH,4,2
2024,Qtr 4,October,7,5.18,Zn,RCH,20,10
2024,Qtr 4,October,7,5.33,I,BRU-1A,6.5,2.5
2024,Qtr 4,October,7,5.37,Cu,BRU-1A,4,2
2024,Qtr 4,October,7,5.38,I,GOLF P,6.5,2.5
2024,Qtr 4,October,7,5.49,Zn,GL RANCH,20,10
2024,Qtr 4,October,7,5.6,P,BI,800,400
2024,Qtr 4,October,7,5.85,S,TERK,700,300
2024,Qtr 4,October,7,6.09,S,GOLF P,700,300
2024,Qtr 4,October,7,6.16,Cu,DAF 2,4,2
2024,Qtr 4,October,7,6.33,S,RCH,700,300
2024,Qtr 4,October,7,6.53,S,BI,700,300
2024,Qtr 4,October,7,6.59,P,SP 50,800,400
2024,Qtr 4,October,7,6.68,P,GJ,800,400
2024,Qtr 4,October,7,6.75,P,C&H2,800,400
2024,Qtr 4,October,7,6.84,S,SP 50,700,300
2024,Qtr 4,October,7,6.88,S,GJ,700,300
2024,Qtr 4,October,7,7,Cu,C&H2,4,2
2024,Qtr 4,October,7,7,S,C&H2,700,300
2024,Qtr 4,October,7,7.24,S,GOLF,700,300
2024,Qtr 4,October,7,7.51,S,BI,700,300
2024,Qtr 4,October,7,8.17,P,DAF,800,400
2024,Qtr 4,October,7,8.39,P,DAF,800,400
2024,Qtr 4,October,7,8.96,S,DAF,700,300
2024,Qtr 4,October,7,8.97,S,GL RANCH,700,300
2024,Qtr 4,October,7,9.51,P,KF,800,400
2024,Qtr 4,October,7,9.72,S,DAF 2,700,300
2024,Qtr 4,October,7,9.82,S,TERK,700,300
2024,Qtr 4,October,7,10.22,I,SP 50,6.5,2.5
2024,Qtr 4,October,7,10.84,P,DAF,800,400
2024,Qtr 4,October,7,10.96,I,DAF,6.5,2.5
2024,Qtr 4,October,7,11.47,P,BI,800,400
2024,Qtr 4,October,7,12.01,P,BRU-1A,800,400
2024,Qtr 4,October,7,12.17,I,GOLF,6.5,2.5
2024,Qtr 4,October,7,12.52,P,GOLF P,800,400
2024,Qtr 4,October,7,12.57,I,GL RANCH,6.5,2.5
2024,Qtr 4,October,7,13.59,Zn,BI,20,10
2024,Qtr 4,October,7,14.57,P,DAF,800,400
2024,Qtr 4,October,7,15.06,S,GL RANCH,700,300
2024,Qtr 4,October,7,16,S,DAF,700,300
2024,Qtr 4,October,7,16.47,P,TERK,800,400
2024,Qtr 4,October,7,16.94,P,RCH,800,400
2024,Qtr 4,October,7,17.6,Mn,GOLF,40,15
2024,Qtr 4,October,7,18.51,S,KF,700,300
2024,Qtr 4,October,7,18.74,Mn,DAF,40,15
2024,Qtr 4,October,7,18.87,P,GL RANCH,800,400
2024,Qtr 4,October,7,20.59,Zn,SP 50,20,10
2024,Qtr 4,October,7,24.82,S,GL RANCH,700,300
2024,Qtr 4,October,7,25.12,P,GL RANCH,800,400
2024,Qtr 4,October,7,26.65,Mn,SP 50,40,15
2024,Qtr 4,October,7,26.89,Mn,DAF,40,15
2024,Qtr 4,October,7,32.51,S,DAF,700,300
2024,Qtr 4,October,7,32.59,Na,RCH,80,40
2024,Qtr 4,October,7,32.83,Cl,DAF,4000,2000
2024,Qtr 4,October,7,37.43,Fe,DAF,65,25
2024,Qtr 4,October,7,37.47,Na,GL RANCH,80,40
2024,Qtr 4,October,7,39.25,S,BRU-1A,700,300
2024,Qtr 4,October,7,40.15,Na,BI,80,40
2024,Qtr 4,October,7,42.8,Fe,GL RANCH,65,25
2024,Qtr 4,October,7,46.03,Na,DAF,80,40
2024,Qtr 4,October,7,47.09,Mn,RCH,40,15
2024,Qtr 4,October,7,47.38,Fe,SP 50,65,25
2024,Qtr 4,October,7,47.39,Na,C&H2,80,40
2024,Qtr 4,October,7,49.81,Fe,GOLF,65,25
2024,Qtr 4,October,7,50.4,Mn,DAF,40,15
2024,Qtr 4,October,7,50.76,Cl,GL RANCH,4000,2000
2024,Qtr 4,October,7,51.47,Mn,GL RANCH,40,15
2024,Qtr 4,October,7,55.1,Cl,TERK,4000,2000
2024,Qtr 4,October,7,55.43,Cl,BI,4000,2000
2024,Qtr 4,October,7,56.53,Cl,TERK,4000,2000
2024,Qtr 4,October,7,57.19,Mn,DAF,40,15
2024,Qtr 4,October,7,57.38,Na,SP 50,80,40
2024,Qtr 4,October,7,57.55,Fe,DAF,65,25
2024,Qtr 4,October,7,57.66,Mn,C&H2,40,15
2024,Qtr 4,October,7,57.86,K,DAF,10000,6000
2024,Qtr 4,October,7,58.47,Fe,GL RANCH,65,25
2024,Qtr 4,October,7,58.77,Cl,SP 50,4000,2000
2024,Qtr 4,October,7,58.92,Mn,GL RANCH,40,15
2024,Qtr 4,October,7,59.23,Mn,GL RANCH,40,15
2024,Qtr 4,October,7,59.52,Na,DAF,80,40
2024,Qtr 4,October,7,59.82,Fe,KF,65,25
2024,Qtr 4,October,7,60.33,K,GOLF,10000,6000
2024,Qtr 4,October,7,61.25,Fe,TERK,65,25
2024,Qtr 4,October,7,61.57,K,GJ,10000,6000
2024,Qtr 4,October,7,62.5,Na,BRU-1A,80,40
2024,Qtr 4,October,7,63.29,Na,DAF 2,80,40
2024,Qtr 4,October,7,63.63,Fe,DAF,65,25
2024,Qtr 4,October,7,64.56,Na,GJ,80,40
2024,Qtr 4,October,7,65.55,Na,DAF,80,40
2024,Qtr 4,October,7,66.16,Fe,C&H2,65,25
2024,Qtr 4,October,7,67.15,Fe,GL RANCH,65,25
2024,Qtr 4,October,7,68.44,Cl,GL RANCH,4000,2000
2024,Qtr 4,October,7,69.26,Mn,GJ,40,15
2024,Qtr 4,October,7,69.46,Na,DAF,80,40
2024,Qtr 4,October,7,70.24,Fe,GJ,65,25
2024,Qtr 4,October,7,70.27,Cl,DAF,4000,2000
2024,Qtr 4,October,7,70.43,Mn,KF,40,15
2024,Qtr 4,October,7,70.87,K,BI,10000,6000
2024,Qtr 4,October,7,71,Mn,BRU-1A,40,15
2024,Qtr 4,October,7,71.34,K,DAF 2,10000,6000
2024,Qtr 4,October,7,72.52,Mn,BI,40,15
2024,Qtr 4,October,7,73.47,Na,TERK,80,40
2024,Qtr 4,October,7,74.98,Na,TERK,80,40
2024,Qtr 4,October,7,77.14,Mn,BI,40,15
2024,Qtr 4,October,7,77.52,Mn,GOLF P,40,15
2024,Qtr 4,October,7,77.65,Na,GOLF P,80,40
2024,Qtr 4,October,7,77.78,Mn,TERK,40,15
2024,Qtr 4,October,7,79.13,Na,GL RANCH,80,40
2024,Qtr 4,October,7,79.77,Fe,DAF,65,25
2024,Qtr 4,October,7,81.29,Na,BI,80,40
2024,Qtr 4,October,7,81.41,P,TERK,800,400
2024,Qtr 4,October,7,82.62,Cl,KF,4000,2000
2024,Qtr 4,October,7,83.24,Fe,BRU-1A,65,25
2024,Qtr 4,October,7,83.5,Cl,GL RANCH,4000,2000
2024,Qtr 4,October,7,84.54,Cl,BI,4000,2000
2024,Qtr 4,October,7,89.33,Cl,GOLF,4000,2000
2024,Qtr 4,October,7,89.55,Cl,DAF,4000,2000
2024,Qtr 4,October,7,90.46,Cl,GOLF P,4000,2000
2024,Qtr 4,October,7,90.55,Na,GL RANCH,80,40
2024,Qtr 4,October,7,95.43,K,C&H2,10000,6000
2024,Qtr 4,October,7,96.34,K,BRU-1A,10000,6000
2024,Qtr 4,October,7,97.05,Na,GOLF,80,40
2024,Qtr 4,October,7,97.07,Fe,GOLF P,65,25
2024,Qtr 4,October,7,97.48,Fe,BI,65,25
2024,Qtr 4,October,7,98.13,Cl,DAF,4000,2000
2024,Qtr 4,October,7,103.69,Mn,DAF 2,40,15
2024,Qtr 4,October,7,103.71,Fe,TERK,65,25
2024,Qtr 4,October,7,103.83,Fe,BI,65,25
2024,Qtr 4,October,7,106.68,Cl,DAF 2,4000,2000
2024,Qtr 4,October,7,107.63,Fe,RCH,65,25
2024,Qtr 4,October,7,111.97,K,DAF,10000,6000
2024,Qtr 4,October,7,113.45,Cl,RCH,4000,2000
2024,Qtr 4,October,7,119.23,Mn,TERK,40,15
2024,Qtr 4,October,7,120.49,Fe,DAF 2,65,25
2024,Qtr 4,October,7,126.64,K,GL RANCH,10000,6000
2024,Qtr 4,October,7,130.47,K,SP 50,10000,6000
2024,Qtr 4,October,7,133.36,Si,DAF,100,40
2024,Qtr 4,October,7,135.59,Cl,GJ,4000,2000
2024,Qtr 4,October,7,145.47,K,DAF,10000,6000
2024,Qtr 4,October,7,150.83,Na,KF,80,40
2024,Qtr 4,October,7,154.31,Cl,BRU-1A,4000,2000
2024,Qtr 4,October,7,154.33,Al,DAF,8,4
2024,Qtr 4,October,7,157.17,K,BI,10000,6000
2024,Qtr 4,October,7,165.35,Mg,DAF,2000,1000
2024,Qtr 4,October,7,171.73,K,DAF,10000,6000
2024,Qtr 4,October,7,172.17,K,GL RANCH,10000,6000
2024,Qtr 4,October,7,173.41,K,TERK,10000,6000
2024,Qtr 4,October,7,173.93,Al,GL RANCH,8,4
2024,Qtr 4,October,7,175.79,Si,RCH,100,40
2024,Qtr 4,October,7,187.68,Cl,C&H2,4000,2000
2024,Qtr 4,October,7,188.86,Al,DAF,8,4
2024,Qtr 4,October,7,190.09,Al,SP 50,8,4
2024,Qtr 4,October,7,190.16,Si,GL RANCH,100,40
2024,Qtr 4,October,7,200.94,Al,GL RANCH,8,4
2024,Qtr 4,October,7,201.24,Al,DAF 2,8,4
2024,Qtr 4,October,7,204.29,Mg,BI,2000,1000
2024,Qtr 4,October,7,205.08,Al,GL RANCH,8,4
2024,Qtr 4,October,7,207.99,K,GOLF P,10000,6000
2024,Qtr 4,October,7,212.31,Si,DAF,100,40
2024,Qtr 4,October,7,215.72,Si,SP 50,100,40
2024,Qtr 4,October,7,220.76,Si,BI,100,40
2024,Qtr 4,October,7,223.7,Mg,DAF,2000,1000
2024,Qtr 4,October,7,227.38,K,RCH,10000,6000
2024,Qtr 4,October,7,234.12,Al,TERK,8,4
2024,Qtr 4,October,7,235.49,Si,GL RANCH,100,40
2024,Qtr 4,October,7,238.75,Al,GOLF,8,4
2024,Qtr 4,October,7,245.45,Si,BRU-1A,100,40
2024,Qtr 4,October,7,247.49,Si,DAF,100,40
2024,Qtr 4,October,7,250.78,Si,TERK,100,40
2024,Qtr 4,October,7,251.44,Mg,C&H2,2000,1000
2024,Qtr 4,October,7,252.67,Si,DAF 2,100,40
2024,Qtr 4,October,7,255.07,K,KF,10000,6000
2024,Qtr 4,October,7,257.54,Si,GJ,100,40
2024,Qtr 4,October,7,259.3,Al,DAF,8,4
2024,Qtr 4,October,7,260.46,Al,RCH,8,4
2024,Qtr 4,October,7,263.47,K,GL RANCH,10000,6000
2024,Qtr 4,October,7,265.18,Al,GJ,8,4
2024,Qtr 4,October,7,285.19,Si,GOLF,100,40
2024,Qtr 4,October,7,286.22,Si,DAF,100,40
2024,Qtr 4,October,7,289.62,K,TERK,10000,6000
2024,Qtr 4,October,7,290.21,Al,C&H2,8,4
2024,Qtr 4,October,7,296.86,Si,C&H2,100,40
2024,Qtr 4,October,7,301.91,Al,KF,8,4
2024,Qtr 4,October,7,308.51,Al,BRU-1A,8,4
2024,Qtr 4,October,7,312.29,Al,BI,8,4
2024,Qtr 4,October,7,313.68,Si,GL RANCH,100,40
2024,Qtr 4,October,7,315.98,Si,KF,100,40
2024,Qtr 4,October,7,322.98,Al,DAF,8,4
2024,Qtr 4,October,7,324.65,Si,GOLF P,100,40
2024,Qtr 4,October,7,328.91,Si,TERK,100,40
2024,Qtr 4,October,7,332.3,Al,GOLF P,8,4
2024,Qtr 4,October,7,354.29,Mg,GL RANCH,2000,1000
2024,Qtr 4,October,7,356.45,Mg,BRU-1A,2000,1000
2024,Qtr 4,October,7,363.8,Mg,GL RANCH,2000,1000
2024,Qtr 4,October,7,369.19,Mg,DAF 2,2000,1000
2024,Qtr 4,October,7,379.02,Mg,RCH,2000,1000
2024,Qtr 4,October,7,381.69,Al,TERK,8,4
2024,Qtr 4,October,7,392.4,Si,BI,100,40
2024,Qtr 4,October,7,407.95,Al,BI,8,4
2024,Qtr 4,October,7,415.25,Mg,GJ,2000,1000
2024,Qtr 4,October,7,456.83,Mg,GOLF,2000,1000
2024,Qtr 4,October,7,519.25,Mg,TERK,2000,1000
2024,Qtr 4,October,7,533.91,Mg,DAF,2000,1000
2024,Qtr 4,October,7,544.65,Ca,DAF,2500,1500
2024,Qtr 4,October,7,567.77,Mg,DAF,2000,1000
2024,Qtr 4,October,7,614.06,Mg,SP 50,2000,1000
2024,Qtr 4,October,7,694.22,Mg,BI,2000,1000
2024,Qtr 4,October,7,701.49,Ca,C&H2,2500,1500
2024,Qtr 4,October,7,713.63,Ca,BRU-1A,2500,1500
2024,Qtr 4,October,7,733.41,Ca,DAF,2500,1500
2024,Qtr 4,October,7,735.97,Ca,DAF 2,2500,1500
2024,Qtr 4,October,7,762.25,Ca,GL RANCH,2500,1500
2024,Qtr 4,October,7,768.06,Ca,BI,2500,1500
2024,Qtr 4,October,7,810.4,Ca,GJ,2500,1500
2024,Qtr 4,October,7,835.55,Mg,GL RANCH,2000,1000
2024,Qtr 4,October,7,888.29,Ca,RCH,2500,1500
2024,Qtr 4,October,7,889.33,Mg,GOLF P,2000,1000
2024,Qtr 4,October,7,1008.12,Mg,TERK,2000,1000
2024,Qtr 4,October,7,1172.07,Ca,GL RANCH,2500,1500
2024,Qtr 4,October,7,1193.78,Mg,KF,2000,1000
2024,Qtr 4,October,7,1314.13,Ca,GOLF,2500,1500
2024,Qtr 4,October,7,1417.8,Ca,GL RANCH,2500,1500
2024,Qtr 4,October,7,1659.31,Ca,SP 50,2500,1500
2024,Qtr 4,October,7,1741.7,Ca,GOLF P,2500,1500
2024,Qtr 4,October,7,1826.77,Ca,BI,2500,1500
2024,Qtr 4,October,7,2020.92,Ca,DAF,2500,1500
2024,Qtr 4,October,7,2057.82,Ca,DAF,2500,1500
2024,Qtr 4,October,7,2419.96,Ca,KF,2500,1500
2024,Qtr 4,October,7,2928.58,Ca,TERK,2500,1500
2024,Qtr 4,October,7,3397.64,Ca,TERK,2500,1500
2024,Qtr 4,October,24,0,Mo,505 NORTH,5.25,1.25
2024,Qtr 4,October,24,0,Mo,505 SOUTH,5.25,1.25
2024,Qtr 4,October,24,0,Mo,BALBOA,5.25,1.25
2024,Qtr 4,October,24,0,Mo,GB-40,5.25,1.25
2024,Qtr 4,October,24,0,Mo,TOP,5.25,1.25
2024,Qtr 4,October,24,0.01,Mo,WFP,5.25,1.25
2024,Qtr 4,October,24,0.03,Mo,BALBOA,5.25,1.25
2024,Qtr 4,October,24,0.05,Mo,BYRD,5.25,1.25
2024,Qtr 4,October,24,0.07,Mo,C&H3,5.25,1.25
2024,Qtr 4,October,24,0.08,Mo,GOODMAN,5.25,1.25
2024,Qtr 4,October,24,0.08,Mo,REYES,5.25,1.25
2024,Qtr 4,October,24,0.09,Mo,JK,5.25,1.25
2024,Qtr 4,October,24,0.11,Mo,BRS-250,5.25,1.25
2024,Qtr 4,October,24,0.14,Mo,MAZZ-HOME,5.25,1.25
2024,Qtr 4,October,24,0.35,Se,MAZZ-HOME,2,1
2024,Qtr 4,October,24,0.36,B,505 SOUTH,12,6
2024,Qtr 4,October,24,0.36,Zn,TOP,20,10
2024,Qtr 4,October,24,0.43,Se,C&H3,2,1
2024,Qtr 4,October,24,0.48,B,505 NORTH,12,6
2024,Qtr 4,October,24,0.58,B,BRS-250,12,6
2024,Qtr 4,October,24,0.66,B,JK,12,6
2024,Qtr 4,October,24,0.67,B,C&H3,12,6
2024,Qtr 4,October,24,0.75,Se,GOODMAN,2,1
2024,Qtr 4,October,24,0.83,B,BYRD,12,6
2024,Qtr 4,October,24,0.83,B,TOP,12,6
2024,Qtr 4,October,24,0.83,Se,TOP,2,1
2024,Qtr 4,October,24,0.85,Se,BALBOA,2,1
2024,Qtr 4,October,24,0.88,B,MAZZ-HOME,12,6
2024,Qtr 4,October,24,0.88,Se,WFP,2,1
2024,Qtr 4,October,24,0.95,Se,GB-40,2,1
2024,Qtr 4,October,24,0.96,B,GB-40,12,6
2024,Qtr 4,October,24,0.96,Zn,505 NORTH,20,10
2024,Qtr 4,October,24,1.08,B,BALBOA,12,6
2024,Qtr 4,October,24,1.12,Co,TOP,3.25,1.25
2024,Qtr 4,October,24,1.14,B,GOODMAN,12,6
2024,Qtr 4,October,24,1.14,I,GB-40,6.5,2.5
2024,Qtr 4,October,24,1.15,Co,C&H3,3.25,1.25
2024,Qtr 4,October,24,1.15,Zn,505 SOUTH,20,10
2024,Qtr 4,October,24,1.17,Se,BYRD,2,1
2024,Qtr 4,October,24,1.19,B,REYES,12,6
2024,Qtr 4,October,24,1.2,Se,BRS-250,2,1
2024,Qtr 4,October,24,1.22,B,BALBOA,12,6
2024,Qtr 4,October,24,1.22,Co,GB-40,3.25,1.25
2024,Qtr 4,October,24,1.23,Co,BRS-250,3.25,1.25
2024,Qtr 4,October,24,1.24,Co,BALBOA,3.25,1.25
2024,Qtr 4,October,24,1.24,Co,BYRD,3.25,1.25
2024,Qtr 4,October,24,1.24,Se,JK,2,1
2024,Qtr 4,October,24,1.26,Zn,REYES,20,10
2024,Qtr 4,October,24,1.29,Co,505 NORTH,3.25,1.25
2024,Qtr 4,October,24,1.31,Co,MAZZ-HOME,3.25,1.25
2024,Qtr 4,October,24,1.32,Co,WFP,3.25,1.25
2024,Qtr 4,October,24,1.36,Cu,TOP,4,2
2024,Qtr 4,October,24,1.4,Co,505 SOUTH,3.25,1.25
2024,Qtr 4,October,24,1.4,I,C&H3,6.5,2.5
2024,Qtr 4,October,24,1.41,Se,505 SOUTH,2,1
2024,Qtr 4,October,24,1.42,Se,REYES,2,1
2024,Qtr 4,October,24,1.42,Zn,BALBOA,20,10
2024,Qtr 4,October,24,1.43,Co,GOODMAN,3.25,1.25
2024,Qtr 4,October,24,1.44,Zn,GB-40,20,10
2024,Qtr 4,October,24,1.47,I,MAZZ-HOME,6.5,2.5
2024,Qtr 4,October,24,1.47,Zn,BYRD,20,10
2024,Qtr 4,October,24,1.48,Se,BALBOA,2,1
2024,Qtr 4,October,24,1.51,Se,505 NORTH,2,1
2024,Qtr 4,October,24,1.52,Co,JK,3.25,1.25
2024,Qtr 4,October,24,1.53,B,WFP,12,6
2024,Qtr 4,October,24,1.57,Cu,C&H3,4,2
2024,Qtr 4,October,24,1.57,I,GOODMAN,6.5,2.5
2024,Qtr 4,October,24,1.59,I,BYRD,6.5,2.5
2024,Qtr 4,October,24,1.6,Co,BALBOA,3.25,1.25
2024,Qtr 4,October,24,1.61,Co,REYES,3.25,1.25
2024,Qtr 4,October,24,1.63,I,505 SOUTH,6.5,2.5
2024,Qtr 4,October,24,1.66,Zn,C&H3,20,10
2024,Qtr 4,October,24,1.71,Cu,BRS-250,4,2
2024,Qtr 4,October,24,1.77,Cu,BYRD,4,2
2024,Qtr 4,October,24,1.81,Zn,BALBOA,20,10
2024,Qtr 4,October,24,1.9,Zn,BRS-250,20,10
2024,Qtr 4,October,24,1.93,Cu,BALBOA,4,2
2024,Qtr 4,October,24,2.08,Cu,505 NORTH,4,2
2024,Qtr 4,October,24,2.12,P,TOP,800,400
2024,Qtr 4,October,24,2.13,Zn,GOODMAN,20,10
2024,Qtr 4,October,24,2.25,Cu,JK,4,2
2024,Qtr 4,October,24,2.33,Cu,505 SOUTH,4,2
2024,Qtr 4,October,24,2.42,Cu,REYES,4,2
2024,Qtr 4,October,24,2.5,I,BALBOA,6.5,2.5
2024,Qtr 4,October,24,2.56,I,TOP,6.5,2.5
2024,Qtr 4,October,24,2.57,Zn,MAZZ-HOME,20,10
2024,Qtr 4,October,24,2.59,Cu,GOODMAN,4,2
2024,Qtr 4,October,24,2.65,Cu,MAZZ-HOME,4,2
2024,Qtr 4,October,24,2.67,I,JK,6.5,2.5
2024,Qtr 4,October,24,2.77,P,C&H3,800,400
2024,Qtr 4,October,24,2.79,I,BRS-250,6.5,2.5
2024,Qtr 4,October,24,2.8,Zn,JK,20,10
2024,Qtr 4,October,24,3.04,Cu,GB-40,4,2
2024,Qtr 4,October,24,3.09,Cu,BALBOA,4,2
2024,Qtr 4,October,24,3.19,P,JK,800,400
2024,Qtr 4,October,24,3.39,I,505 NORTH,6.5,2.5
2024,Qtr 4,October,24,3.46,I,BALBOA,6.5,2.5
2024,Qtr 4,October,24,3.74,I,WFP,6.5,2.5
2024,Qtr 4,October,24,4.1,P,BYRD,800,400
2024,Qtr 4,October,24,4.67,P,BRS-250,800,400
2024,Qtr 4,October,24,4.89,Cu,WFP,4,2
2024,Qtr 4,October,24,5.51,S,REYES,700,300
2024,Qtr 4,October,24,5.76,P,BALBOA,800,400
2024,Qtr 4,October,24,6.32,I,REYES,6.5,2.5
2024,Qtr 4,October,24,6.77,P,505 SOUTH,800,400
2024,Qtr 4,October,24,7.11,P,REYES,800,400
2024,Qtr 4,October,24,7.33,P,WFP,800,400
2024,Qtr 4,October,24,7.34,Zn,WFP,20,10
2024,Qtr 4,October,24,7.48,S,TOP,700,300
2024,Qtr 4,October,24,7.51,S,BYRD,700,300
2024,Qtr 4,October,24,7.65,P,MAZZ-HOME,800,400
2024,Qtr 4,October,24,9.03,S,WFP,700,300
2024,Qtr 4,October,24,9.04,S,GOODMAN,700,300
2024,Qtr 4,October,24,9.45,S,MAZZ-HOME,700,300
2024,Qtr 4,October,24,9.48,S,BRS-250,700,300
2024,Qtr 4,October,24,9.94,P,BALBOA,800,400
2024,Qtr 4,October,24,10.54,S,C&H3,700,300
2024,Qtr 4,October,24,14.12,S,505 NORTH,700,300
2024,Qtr 4,October,24,15.87,S,JK,700,300
2024,Qtr 4,October,24,17.59,P,GOODMAN,800,400
2024,Qtr 4,October,24,18.4,P,GB-40,800,400
2024,Qtr 4,October,24,23.51,Mn,C&H3,40,15
2024,Qtr 4,October,24,23.65,Mn,TOP,40,15
2024,Qtr 4,October,24,24.43,P,505 NORTH,800,400
2024,Qtr 4,October,24,24.83,S,BALBOA,700,300
2024,Qtr 4,October,24,27.8,Cl,WFP,4000,2000
2024,Qtr 4,October,24,28.09,Fe,BYRD,65,25
2024,Qtr 4,October,24,28.19,S,BALBOA,700,300
2024,Qtr 4,October,24,30.32,Fe,BRS-250,65,25
2024,Qtr 4,October,24,30.33,Fe,C&H3,65,25
2024,Qtr 4,October,24,30.35,Fe,REYES,65,25
2024,Qtr 4,October,24,31.62,Mn,BALBOA,40,15
2024,Qtr 4,October,24,32.73,Mn,MAZZ-HOME,40,15
2024,Qtr 4,October,24,33.59,Fe,MAZZ-HOME,65,25
2024,Qtr 4,October,24,34.12,Mn,BRS-250,40,15
2024,Qtr 4,October,24,34.67,Mn,505 NORTH,40,15
2024,Qtr 4,October,24,34.92,Mn,WFP,40,15
2024,Qtr 4,October,24,35.19,Fe,TOP,65,25
2024,Qtr 4,October,24,35.75,Mn,BYRD,40,15
2024,Qtr 4,October,24,35.78,Na,GB-40,80,40
2024,Qtr 4,October,24,37.08,Fe,BALBOA,65,25
2024,Qtr 4,October,24,37.29,Fe,JK,65,25
2024,Qtr 4,October,24,37.7,Cl,BRS-250,4000,2000
2024,Qtr 4,October,24,37.79,Mn,GB-40,40,15
2024,Qtr 4,October,24,38.6,Na,WFP,80,40
2024,Qtr 4,October,24,39.05,Cl,BALBOA,4000,2000
2024,Qtr 4,October,24,39.39,Mn,505 SOUTH,40,15
2024,Qtr 4,October,24,41.52,Fe,WFP,65,25
2024,Qtr 4,October,24,41.95,Na,505 SOUTH,80,40
2024,Qtr 4,October,24,41.96,Cl,JK,4000,2000
2024,Qtr 4,October,24,42.68,Mn,GOODMAN,40,15
2024,Qtr 4,October,24,43.11,Fe,505 SOUTH,65,25
2024,Qtr 4,October,24,43.37,Mn,REYES,40,15
2024,Qtr 4,October,24,44.01,Fe,GOODMAN,65,25
2024,Qtr 4,October,24,45.31,S,GB-40,700,300
2024,Qtr 4,October,24,47.17,Fe,GB-40,65,25
2024,Qtr 4,October,24,48.22,K,JK,10000,6000
2024,Qtr 4,October,24,50.92,Na,JK,80,40
2024,Qtr 4,October,24,55.63,Cl,MAZZ-HOME,4000,2000
2024,Qtr 4,October,24,55.76,Na,C&H3,80,40
2024,Qtr 4,October,24,57.66,Mn,JK,40,15
2024,Qtr 4,October,24,58.13,Na,MAZZ-HOME,80,40
2024,Qtr 4,October,24,59.34,Mn,BALBOA,40,15
2024,Qtr 4,October,24,64.67,Fe,BALBOA,65,25
2024,Qtr 4,October,24,65.13,K,505 NORTH,10000,6000
2024,Qtr 4,October,24,65.17,Na,BYRD,80,40
2024,Qtr 4,October,24,67.63,Na,TOP,80,40
2024,Qtr 4,October,24,71.39,K,TOP,10000,6000
2024,Qtr 4,October,24,74.54,Cl,GOODMAN,4000,2000
2024,Qtr 4,October,24,74.61,Na,BRS-250,80,40
2024,Qtr 4,October,24,74.7,Cl,C&H3,4000,2000
2024,Qtr 4,October,24,76.78,Cl,505 SOUTH,4000,2000
2024,Qtr 4,October,24,77.1,Na,GOODMAN,80,40
2024,Qtr 4,October,24,78.61,Cl,GB-40,4000,2000
2024,Qtr 4,October,24,79,Fe,505 NORTH,65,25
2024,Qtr 4,October,24,79.73,K,C&H3,10000,6000
2024,Qtr 4,October,24,81.45,Na,505 NORTH,80,40
2024,Qtr 4,October,24,85.22,K,BALBOA,10000,6000
2024,Qtr 4,October,24,90.03,Cl,TOP,4000,2000
2024,Qtr 4,October,24,94.84,K,BALBOA,10000,6000
2024,Qtr 4,October,24,96.17,Cl,BALBOA,4000,2000
2024,Qtr 4,October,24,97.07,K,REYES,10000,6000
2024,Qtr 4,October,24,100.57,Cl,505 NORTH,4000,2000
2024,Qtr 4,October,24,101.07,K,505 SOUTH,10000,6000
2024,Qtr 4,October,24,101.69,Na,REYES,80,40
2024,Qtr 4,October,24,104.62,K,BRS-250,10000,6000
2024,Qtr 4,October,24,113.11,K,BYRD,10000,6000
2024,Qtr 4,October,24,119.57,Na,BALBOA,80,40
2024,Qtr 4,October,24,123.32,Cl,BYRD,4000,2000
2024,Qtr 4,October,24,124.49,K,GOODMAN,10000,6000
2024,Qtr 4,October,24,130.78,K,WFP,10000,6000
2024,Qtr 4,October,24,130.97,Mg,GB-40,2000,1000
2024,Qtr 4,October,24,134.41,Al,C&H3,8,4
2024,Qtr 4,October,24,140.77,Al,BALBOA,8,4
2024,Qtr 4,October,24,143.13,Al,GOODMAN,8,4
2024,Qtr 4,October,24,144.58,Al,JK,8,4
2024,Qtr 4,October,24,149.28,Si,WFP,100,40
2024,Qtr 4,October,24,150.37,Al,BYRD,8,4
2024,Qtr 4,October,24,153.07,Al,BRS-250,8,4
2024,Qtr 4,October,24,155.31,Al,WFP,8,4
2024,Qtr 4,October,24,162.81,Si,C&H3,100,40
2024,Qtr 4,October,24,163.56,Si,GB-40,100,40
2024,Qtr 4,October,24,163.72,Si,505 SOUTH,100,40
2024,Qtr 4,October,24,163.98,Al,TOP,8,4
2024,Qtr 4,October,24,168.11,Si,BRS-250,100,40
2024,Qtr 4,October,24,168.96,K,MAZZ-HOME,10000,6000
2024,Qtr 4,October,24,171.48,S,505 SOUTH,700,300
2024,Qtr 4,October,24,172.19,Si,505 NORTH,100,40
2024,Qtr 4,October,24,172.62,Al,REYES,8,4
2024,Qtr 4,October,24,172.96,Si,BALBOA,100,40
2024,Qtr 4,October,24,173.06,Si,JK,100,40
2024,Qtr 4,October,24,177.25,Al,GB-40,8,4
2024,Qtr 4,October,24,180.38,Na,BALBOA,80,40
2024,Qtr 4,October,24,183.25,Al,MAZZ-HOME,8,4
2024,Qtr 4,October,24,185.95,Al,505 SOUTH,8,4
2024,Qtr 4,October,24,186.75,Si,GOODMAN,100,40
2024,Qtr 4,October,24,187.76,Al,BALBOA,8,4
2024,Qtr 4,October,24,192.15,Si,MAZZ-HOME,100,40
2024,Qtr 4,October,24,192.6,Si,TOP,100,40
2024,Qtr 4,October,24,195.03,Si,BYRD,100,40
2024,Qtr 4,October,24,210.7,Al,505 NORTH,8,4
2024,Qtr 4,October,24,213.6,Si,BALBOA,100,40
2024,Qtr 4,October,24,217.61,Si,REYES,100,40
2024,Qtr 4,October,24,232.46,Cl,REYES,4000,2000
2024,Qtr 4,October,24,236.56,K,GB-40,10000,6000
2024,Qtr 4,October,24,240,Mg,WFP,2000,1000
2024,Qtr 4,October,24,391.1,Mg,JK,2000,1000
2024,Qtr 4,October,24,483.57,Mg,505 NORTH,2000,1000
2024,Qtr 4,October,24,525.7,Mg,505 SOUTH,2000,1000
2024,Qtr 4,October,24,541.87,Mg,BRS-250,2000,1000
2024,Qtr 4,October,24,650.12,Mg,BALBOA,2000,1000
2024,Qtr 4,October,24,731.79,Mg,BALBOA,2000,1000
2024,Qtr 4,October,24,741.03,Ca,JK,2500,1500
2024,Qtr 4,October,24,743.39,Ca,REYES,2500,1500
2024,Qtr 4,October,24,776.26,Ca,C&H3,2500,1500
2024,Qtr 4,October,24,778.46,Mg,REYES,2000,1000
2024,Qtr 4,October,24,783.46,Mg,MAZZ-HOME,2000,1000
2024,Qtr 4,October,24,806.53,Mg,TOP,2000,1000
2024,Qtr 4,October,24,826.8,Mg,GOODMAN,2000,1000
2024,Qtr 4,October,24,842.03,Ca,GB-40,2500,1500
2024,Qtr 4,October,24,845.33,Ca,505 NORTH,2500,1500
2024,Qtr 4,October,24,847.48,Mg,C&H3,2000,1000
2024,Qtr 4,October,24,847.76,Ca,WFP,2500,1500
2024,Qtr 4,October,24,854.35,Mg,BYRD,2000,1000
2024,Qtr 4,October,24,1096.2,Ca,TOP,2500,1500
2024,Qtr 4,October,24,1138.46,Ca,BYRD,2500,1500
2024,Qtr 4,October,24,1275.12,Ca,MAZZ-HOME,2500,1500
2024,Qtr 4,October,24,1383.48,Ca,505 SOUTH,2500,1500
2024,Qtr 4,October,24,1383.87,Ca,GOODMAN,2500,1500
2024,Qtr 4,October,24,1530.33,Ca,BRS-250,2500,1500
2024,Qtr 4,October,24,1563.51,Ca,BALBOA,2500,1500
2024,Qtr 4,October,24,1923.37,Ca,BALBOA,2500,1500
